claim_id,claim_text,claim_scope,work_ids,evidence_type,confidence,caveat,intended_section
CL-EFF-001,真机强化学习效率应作为资源向量报告；这些坐标是可能重叠的诊断视图，未经 inclusion matrix 去重和显式价格权重不得直接求和。,measurement definition; not an empirical effect size,dulacarnold2019challenges;dulacarnold2021challenges;zhou2023realorl;kalashnikov2018qtopt,definition_plus_cross_case_synthesis,high,各维度不能在没有显式价格权重时压成一个通用总分。,evaluation_framework
CL-EFF-002,分钟级或小时级真机学习已经在若干经过工程化的操控、行走和驾驶任务上被多次展示。,reported online phase on each paper's own task and threshold,yang2020dataefficientlegged;wurss2023locality;stachowicz2023fastrlap;luo2024serl;zhan2022ferm;lancaster2024modemv2;liu2026autoserl,multi_source_convergence,high,任务难度、成功阈值、reset、示范和前置工程不同；该主张不等于端到端生命周期只需几分钟。,taxonomy
CL-EFF-003,同一研究中的 robot-hours 与 wall-clock 只有在 actor 数量、并行度和 duty cycle 已披露时才能相互解释。,parallel or fleet physical collection,kalashnikov2018qtopt;kalashnikov2022mtopt;chebotar2023qtransformer;mendonca2025continuous,methodological_boundary,high,单机器人连续运行可近似相等，但仍需说明 reset、compute 和停机是否包含。,evaluation_framework
CL-EFF-004,机器人舰队主要提高日历吞吐，而不是消除 aggregate physical interaction 或硬件运营成本。,fleet-scale fixed-base manipulation,kalashnikov2018qtopt;kalashnikov2022mtopt;chebotar2023qtransformer,comparative_case_synthesis,high,不同工作对 fleet robot-hours、日历时长和维护披露不完整，不能估计统一加速比。,taxonomy
CL-EFF-005,offline RL 可以避免部署时在线探索，但继承了离线数据的真机时数、示范、失败样本、标签和策展成本。,physical-data offline and offline-to-online robot learning,singh2021cog;kumar2023ptr;chebotar2023qtransformer;zhou2023realorl;nair2020awac;walke2023ariel,multi_source_convergence,high,只有 Real-ORL 等少数工作较完整披露人时；其他工作的隐藏成本仍大量为 NR。,taxonomy
CL-EFF-006,world-model 方法通常减少 downstream physical exploration，同时把成本移到模型数据、GPU 训练和模型偏差控制。,learned dynamics or video-world methods with physical use/evaluation,wu2023daydreamer;lancaster2024modemv2;sharma2026worldgymnast;yin2026playworld,multi_source_convergence,moderate,四个系统的训练位置、数据来源和真实在线环节不同，不能合并成统一节省比例。,taxonomy
CL-EFF-007,demonstration bootstrap 能减少危险的随机探索，但 demonstration count 不能代表其真实人工成本。,demonstration-assisted physical learning,liu2026autoserl;zhan2022ferm;luo2024serl;luo2025hilserl;zhao2025silri;lancaster2024modemv2;sharma2023medalpp,multi_source_convergence,high,操作者技能、采集时长、废弃尝试、标签与失败状态覆盖通常未报告。,evaluation_framework
CL-EFF-008,在线人工干预可显著改善困难操控任务的学习与安全，但现有证据没有把持续监控换算成 operator-minutes。,human-in-the-loop manipulation,luo2025hilserl;zhao2025silri,two_study_convergence,moderate,只有两类相近系统；干预定义、操作者策略和基线不同。,research_gaps
CL-EFF-009,reset-free 或 continuous learning 并不等于无人维护；它通常依赖可逆任务循环、learned recovery、scripted fixture、换电或偶发人工救援。,long-running autonomous or reduced-reset physical RL,sun2022relmm;hu2023reboot;gupta2021resetfreemtl;sharma2023medalpp;mendonca2025continuous;liu2026autoserl,multi_source_convergence,high,维护频率与人工分钟大多为 NR，因此不能从训练小时直接推出 unattended duty cycle。,taxonomy
CL-EFF-010,快速 adaptation 与 from-scratch task learning 的分钟数不能直接排序，因为 adaptation 继承了 simulation repertoire、meta-training data 或 pretrained policy。,"post-damage, dynamics, or policy adaptation",cully2015adaptanimals;nagabandi2019metarl;hu2025robottrainsrobot,methodological_boundary,high,如果前置资产已为多次部署复用，可另行报告 amortized cost，但必须给出复用次数。,evaluation_framework
CL-EFF-011,当前 34 篇核心实证工作中，E4 独立跨团队成本复现为 0 篇。,verified corpus snapshot through 2026-07-31 empirical corpus,luo2024serl;luo2025hilserl;liu2026autoserl;walke2023ariel;sun2022relmm;hu2023reboot;mendonca2025continuous;stachowicz2023fastrlap;hu2025robottrainsrobot;sharma2026worldgymnast;zhao2025silri;yin2026playworld;haarnoja2019walk;zhan2022ferm;tebbe2021tabletennis;wu2023daydreamer;kalashnikov2018qtopt;kalashnikov2022mtopt;riedmiller2018sacx;nair2020awac;singh2021cog;kumar2023ptr;chebotar2023qtransformer;nair2018rig;gupta2021resetfreemtl;yang2020dataefficientlegged;nagabandi2019metarl;cully2015adaptanimals;chatzilygeroudis2017blackdrops;johannink2019residual;zhou2023realorl;wurss2023locality;lancaster2024modemv2;sharma2023medalpp,corpus_audit_count,high,E4 缺失表示未核验到独立复现，不表示这些方法不可复现。,research_gaps
CL-EFF-012,34 篇核心工作中有 15 篇未报告明确 evaluation-trial denominator。,verified corpus snapshot through 2026-07-31; metric_name=evaluation_trial_count,walke2023ariel;hu2023reboot;mendonca2025continuous;stachowicz2023fastrlap;hu2025robottrainsrobot;zhan2022ferm;wu2023daydreamer;kalashnikov2018qtopt;nair2020awac;chebotar2023qtransformer;gupta2021resetfreemtl;yang2020dataefficientlegged;chatzilygeroudis2017blackdrops;wurss2023locality;sharma2023medalpp,corpus_audit_count,high,work_ids 与 claim_evidence.csv 均列出完整的 15 篇成员；NR 不是零。,research_gaps
CL-EFF-013,34 篇核心工作中 physical steps/transitions 有 22 篇为 NR，episodes/rollouts 有 19 篇为 NR。,verified corpus snapshot through 2026-07-31; metric_name=physical_steps_or_transitions and physical_episodes_or_rollouts,luo2024serl;luo2025hilserl;liu2026autoserl;sun2022relmm;hu2023reboot;mendonca2025continuous;stachowicz2023fastrlap;hu2025robottrainsrobot;sharma2026worldgymnast;zhao2025silri;yin2026playworld;zhan2022ferm;tebbe2021tabletennis;wu2023daydreamer;kalashnikov2018qtopt;kalashnikov2022mtopt;riedmiller2018sacx;nair2020awac;kumar2023ptr;chebotar2023qtransformer;nair2018rig;gupta2021resetfreemtl;nagabandi2019metarl;cully2015adaptanimals;chatzilygeroudis2017blackdrops;johannink2019residual;zhou2023realorl;wurss2023locality;lancaster2024modemv2;sharma2023medalpp,corpus_audit_count,high,两种计数的定义也跨任务异质；同时报告并不自动使其可比较。,research_gaps
CL-EFF-014,34 篇核心工作中 robot-hours 有 16 篇为 NR，elapsed wall-clock 有 8 篇为 NR。,verified corpus snapshot through 2026-07-31; metric_name=active_or_aggregate_robot_hours and elapsed_wall_clock,luo2024serl;luo2025hilserl;liu2026autoserl;hu2023reboot;stachowicz2023fastrlap;hu2025robottrainsrobot;sharma2026worldgymnast;zhao2025silri;zhan2022ferm;tebbe2021tabletennis;kalashnikov2018qtopt;kalashnikov2022mtopt;nair2020awac;singh2021cog;kumar2023ptr;chebotar2023qtransformer;cully2015adaptanimals;chatzilygeroudis2017blackdrops;zhou2023realorl,corpus_audit_count,high,已报告的时间边界仍可能只覆盖在线阶段，而非准备、评测和维护。,research_gaps
CL-EFF-015,34 篇核心工作中有 21 篇未报告可定位的 compute 配置或训练时长。,verified corpus snapshot through 2026-07-31; metric_name=reported_compute_resource_or_duration,luo2025hilserl;liu2026autoserl;walke2023ariel;sun2022relmm;hu2023reboot;stachowicz2023fastrlap;zhao2025silri;haarnoja2019walk;zhan2022ferm;tebbe2021tabletennis;riedmiller2018sacx;nair2020awac;singh2021cog;kumar2023ptr;nair2018rig;gupta2021resetfreemtl;yang2020dataefficientlegged;nagabandi2019metarl;johannink2019residual;lancaster2024modemv2;sharma2023medalpp,corpus_audit_count,high,硬件型号本身仍不足以换算 GPU-hours、能耗或费用。,research_gaps
CL-EFF-016,34 篇核心工作中有 30 篇未报告 control frequency。,verified corpus snapshot through 2026-07-31; metric_name=control_frequency,luo2024serl;luo2025hilserl;liu2026autoserl;walke2023ariel;sun2022relmm;hu2023reboot;mendonca2025continuous;stachowicz2023fastrlap;hu2025robottrainsrobot;sharma2026worldgymnast;zhao2025silri;yin2026playworld;zhan2022ferm;tebbe2021tabletennis;wu2023daydreamer;kalashnikov2018qtopt;kalashnikov2022mtopt;riedmiller2018sacx;nair2020awac;singh2021cog;kumar2023ptr;chebotar2023qtransformer;nair2018rig;gupta2021resetfreemtl;yang2020dataefficientlegged;cully2015adaptanimals;chatzilygeroudis2017blackdrops;johannink2019residual;zhou2023realorl;sharma2023medalpp,corpus_audit_count,high,即使频率相同，episode idle time、reset 和 action repeat 仍需单独报告。,research_gaps
CL-EFF-017,完整的 34×8=272 格 lifecycle 审计中，230 格为 NR，只有 35 格含来源可定位的定量组件；没有一篇报告完整生命周期总成本。,cross-corpus lifecycle accounting,luo2024serl;luo2025hilserl;liu2026autoserl;walke2023ariel;sun2022relmm;hu2023reboot;mendonca2025continuous;stachowicz2023fastrlap;hu2025robottrainsrobot;sharma2026worldgymnast;zhao2025silri;yin2026playworld;haarnoja2019walk;zhan2022ferm;tebbe2021tabletennis;wu2023daydreamer;kalashnikov2018qtopt;kalashnikov2022mtopt;riedmiller2018sacx;nair2020awac;singh2021cog;kumar2023ptr;chebotar2023qtransformer;nair2018rig;gupta2021resetfreemtl;yang2020dataefficientlegged;nagabandi2019metarl;cully2015adaptanimals;chatzilygeroudis2017blackdrops;johannink2019residual;zhou2023realorl;wurss2023locality;lancaster2024modemv2;sharma2023medalpp,executable_lifecycle_grid_audit,high,该主张是报告缺口结论，而不是这些系统不安全或磨损更高的因果判断。,research_gaps
CL-EFF-018,纳入的 36 篇工作中有 16 篇定位到 official public code；其中核心工作为 15/34。代码可用性不等于独立真机复现。,verified corpus snapshot through 2026-07-31; papers.code_status and screening_status,luo2024serl;luo2025hilserl;liu2026autoserl;stachowicz2023fastrlap;hu2025robottrainsrobot;sharma2026worldgymnast;zhao2025silri;dulacarnold2021challenges;wu2023daydreamer;nair2020awac;singh2021cog;kumar2023ptr;nair2018rig;chatzilygeroudis2017blackdrops;wurss2023locality;lancaster2024modemv2,corpus_audit_count,high,仓库状态按 2026-07-31/2026-08-01 核验；未来可能变化。,research_gaps
CL-EFF-019,R4 长时自主运行证据回答的是干预和复位能力，不自动证明 sample efficiency。,deployment-tier interpretation,sun2022relmm;hu2023reboot;gupta2021resetfreemtl;kalashnikov2018qtopt;kalashnikov2022mtopt;mendonca2025continuous,methodological_boundary,high,同一工作可以同时有较强效率证据，但必须由 steps、hours、baseline 和 threshold 单独支持。,evaluation_framework
CL-EFF-020,residual policy、procedural prior 和手写 base controller 可以缩小 RL 搜索空间，同时把成本转移到控制器与系统工程。,hybrid-control physical RL,johannink2019residual;mendonca2025continuous;hu2025robottrainsrobot,comparative_case_synthesis,moderate,工程成本可能跨任务复用；现有记录不足以计算 amortized benefit。,taxonomy
CL-EFF-021,learned reset policy 的存在不能被视为零复位成本；REBOOT 的三项 reset success 为 0.608、0.667 和 0.367。,learned-reset physical manipulation,hu2023reboot;kumar2023ptr;liu2026autoserl,single_source_quantitative_plus_cross_case,moderate,数值仅来自 REBOOT，另外两篇支持机制与 failure-mode 判断而非相同效果量。,taxonomy
CL-EFF-022,低 physical trial count 不能在 wall-clock 为 NR 时被表述为低 elapsed-time cost。,trial-limited physical policy search,tebbe2021tabletennis;chatzilygeroudis2017blackdrops,methodological_boundary,high,计算、单次 trial 时长和人工 reset 可能主导日历成本。,evaluation_framework
CL-EFF-023,由于任务、成功阈值、控制频率、reset、并行度和生命周期边界不一致，本语料不支持一个跨论文算法效率排行榜或 pooled effect size。,all 34 empirical works,dulacarnold2019challenges;dulacarnold2021challenges;yang2020dataefficientlegged;kalashnikov2018qtopt;cully2015adaptanimals;zhou2023realorl,heterogeneity_assessment,high,可以在严格匹配的任务和报告边界内进行局部比较。,evaluation_framework
CL-EFF-024,一次性 simulation、dataset、fixture、reward 和 controller 工程应与每次目标任务的边际成本分开，并在多次部署时报告 amortized cost。,lifecycle accounting recommendation,cully2015adaptanimals;chebotar2023qtransformer;sharma2026worldgymnast;lancaster2024modemv2;johannink2019residual,methodological_recommendation,moderate,需要作者披露复用次数和资产生命周期；当前语料通常不具备这些数据。,evaluation_framework
CL-EFF-025,34 篇核心工作中，reported phase duration 有 7 篇为 NR；按 target、evaluator/checkpoint 与边界均可定位的严格规则，time-to-declared-target 有 20 篇为 NR、14 篇 available。,verified corpus snapshot through 2026-07-31; two-level time ontology,luo2024serl;luo2025hilserl;liu2026autoserl;walke2023ariel;sun2022relmm;hu2023reboot;mendonca2025continuous;stachowicz2023fastrlap;hu2025robottrainsrobot;sharma2026worldgymnast;zhao2025silri;yin2026playworld;haarnoja2019walk;zhan2022ferm;tebbe2021tabletennis;wu2023daydreamer;kalashnikov2018qtopt;kalashnikov2022mtopt;riedmiller2018sacx;nair2020awac;singh2021cog;kumar2023ptr;chebotar2023qtransformer;nair2018rig;gupta2021resetfreemtl;yang2020dataefficientlegged;nagabandi2019metarl;cully2015adaptanimals;chatzilygeroudis2017blackdrops;johannink2019residual;zhou2023realorl;wurss2023locality;lancaster2024modemv2;sharma2023medalpp,executable_time_ontology_audit,high,available 表示与来源声明的 target 和可识别终点绑定，不表示阈值已预注册，也不表示完整生命周期计时。,evaluation_framework;research_gaps
