lifecycle_id,work_id,cost_channel,value,unit,denominator,reporting_status,component_or_proxy,evidence_locator,interpretation_limit
LC-EFF-0001,luo2024serl,active_human_time,NR,NR,NR,not_reported,none located,"PDF p.8 Table 2; pp.4,8",No complete quantitative value for this lifecycle channel was located; NR is not zero.
LC-EFF-0002,luo2024serl,standby_monitoring_time,NR,NR,NR,not_reported,none located,"PDF p.8 Table 2; pp.4,8",No complete quantitative value for this lifecycle channel was located; NR is not zero.
LC-EFF-0003,luo2024serl,reset_recovery_cost,NR,NR,NR,not_reported,none located,"PDF p.8 Table 2; pp.4,8",No complete quantitative value for this lifecycle channel was located; NR is not zero.
LC-EFF-0004,luo2024serl,engineering_setup_time,NR,NR,NR,not_reported,none located,"PDF p.8 Table 2; pp.4,8",No complete quantitative value for this lifecycle channel was located; NR is not zero.
LC-EFF-0005,luo2024serl,safety_exposure,NR,NR,NR,not_reported,none located,"PDF p.8 Table 2; pp.4,8",No complete quantitative value for this lifecycle channel was located; NR is not zero.
LC-EFF-0006,luo2024serl,wear_maintenance_downtime,NR,NR,NR,not_reported,none located,"PDF p.8 Table 2; pp.4,8",No complete quantitative value for this lifecycle channel was located; NR is not zero.
LC-EFF-0007,luo2024serl,failed_development_runs,NR,NR,NR,not_reported,none located,"PDF p.8 Table 2; pp.4,8",No complete quantitative value for this lifecycle channel was located; NR is not zero.
LC-EFF-0008,luo2024serl,prior_data_cost,20 teleoperated demonstrations per task,source-reported asset/count description,upstream asset boundary,source_reported_component,prior-data component; labor/collection total may remain NR,"PDF p.8 Table 2; pp.4,8","An inherited asset is located, but its full robot/person/compute cost is not necessarily reported."
LC-EFF-0009,luo2025hilserl,active_human_time,NR,NR,NR,not_reported,none located,"PDF p.13 Table 1; pp.15,33–49",No complete quantitative value for this lifecycle channel was located; NR is not zero.
LC-EFF-0010,luo2025hilserl,standby_monitoring_time,continuous intervention channel reported; operator-minutes NR,qualitative proxy,source-specific,proxy_only,qualitative or denominator-incomplete proxy,"PDF p.13 Table 1; pp.15,33–49",Proxy presence is not counted as quantitative lifecycle coverage.
LC-EFF-0011,luo2025hilserl,reset_recovery_cost,NR,NR,NR,not_reported,none located,"PDF p.13 Table 1; pp.15,33–49",No complete quantitative value for this lifecycle channel was located; NR is not zero.
LC-EFF-0012,luo2025hilserl,engineering_setup_time,NR,NR,NR,not_reported,none located,"PDF p.13 Table 1; pp.15,33–49",No complete quantitative value for this lifecycle channel was located; NR is not zero.
LC-EFF-0013,luo2025hilserl,safety_exposure,NR,NR,NR,not_reported,none located,"PDF p.13 Table 1; pp.15,33–49",No complete quantitative value for this lifecycle channel was located; NR is not zero.
LC-EFF-0014,luo2025hilserl,wear_maintenance_downtime,NR,NR,NR,not_reported,none located,"PDF p.13 Table 1; pp.15,33–49",No complete quantitative value for this lifecycle channel was located; NR is not zero.
LC-EFF-0015,luo2025hilserl,failed_development_runs,NR,NR,NR,not_reported,none located,"PDF p.13 Table 1; pp.15,33–49",No complete quantitative value for this lifecycle channel was located; NR is not zero.
LC-EFF-0016,luo2025hilserl,prior_data_cost,demonstrations plus interventions,source-reported asset/count description,upstream asset boundary,source_reported_component,prior-data component; labor/collection total may remain NR,"PDF p.13 Table 1; pp.15,33–49","An inherited asset is located, but its full robot/person/compute cost is not necessarily reported."
LC-EFF-0017,liu2026autoserl,active_human_time,NR,NR,NR,not_reported,none located,PDF p.10 Table 1; p.12 Table 2; limitation section,No complete quantitative value for this lifecycle channel was located; NR is not zero.
LC-EFF-0018,liu2026autoserl,standby_monitoring_time,NR,NR,NR,not_reported,none located,PDF p.10 Table 1; p.12 Table 2; limitation section,No complete quantitative value for this lifecycle channel was located; NR is not zero.
LC-EFF-0019,liu2026autoserl,reset_recovery_cost,NR,NR,NR,not_reported,none located,PDF p.10 Table 1; p.12 Table 2; limitation section,No complete quantitative value for this lifecycle channel was located; NR is not zero.
LC-EFF-0020,liu2026autoserl,engineering_setup_time,NR,NR,NR,not_reported,none located,PDF p.10 Table 1; p.12 Table 2; limitation section,No complete quantitative value for this lifecycle channel was located; NR is not zero.
LC-EFF-0021,liu2026autoserl,safety_exposure,NR,NR,NR,not_reported,none located,PDF p.10 Table 1; p.12 Table 2; limitation section,No complete quantitative value for this lifecycle channel was located; NR is not zero.
LC-EFF-0022,liu2026autoserl,wear_maintenance_downtime,NR,NR,NR,not_reported,none located,PDF p.10 Table 1; p.12 Table 2; limitation section,No complete quantitative value for this lifecycle channel was located; NR is not zero.
LC-EFF-0023,liu2026autoserl,failed_development_runs,NR,NR,NR,not_reported,none located,PDF p.10 Table 1; p.12 Table 2; limitation section,No complete quantitative value for this lifecycle channel was located; NR is not zero.
LC-EFF-0024,liu2026autoserl,prior_data_cost,one demonstration plus selected recovery points,source-reported asset/count description,upstream asset boundary,source_reported_component,prior-data component; labor/collection total may remain NR,PDF p.10 Table 1; p.12 Table 2; limitation section,"An inherited asset is located, but its full robot/person/compute cost is not necessarily reported."
LC-EFF-0025,walke2023ariel,active_human_time,NR,NR,NR,not_reported,none located,Main PDF pp.6–7; supplement p.14 Table 5,No complete quantitative value for this lifecycle channel was located; NR is not zero.
LC-EFF-0026,walke2023ariel,standby_monitoring_time,NR,NR,NR,not_reported,none located,Main PDF pp.6–7; supplement p.14 Table 5,No complete quantitative value for this lifecycle channel was located; NR is not zero.
LC-EFF-0027,walke2023ariel,reset_recovery_cost,every 20–30,trials / approximately min,external reset cadence,source_reported_component,cadence only; duration/labor NR,Main PDF pp.6–7; supplement p.14 Table 5,Reported component does not constitute a full lifecycle-channel total.
LC-EFF-0028,walke2023ariel,engineering_setup_time,NR,NR,NR,not_reported,none located,Main PDF pp.6–7; supplement p.14 Table 5,No complete quantitative value for this lifecycle channel was located; NR is not zero.
LC-EFF-0029,walke2023ariel,safety_exposure,NR,NR,NR,not_reported,none located,Main PDF pp.6–7; supplement p.14 Table 5,No complete quantitative value for this lifecycle channel was located; NR is not zero.
LC-EFF-0030,walke2023ariel,wear_maintenance_downtime,NR,NR,NR,not_reported,none located,Main PDF pp.6–7; supplement p.14 Table 5,No complete quantitative value for this lifecycle channel was located; NR is not zero.
LC-EFF-0031,walke2023ariel,failed_development_runs,NR,NR,NR,not_reported,none located,Main PDF pp.6–7; supplement p.14 Table 5,No complete quantitative value for this lifecycle channel was located; NR is not zero.
LC-EFF-0032,walke2023ariel,prior_data_cost,derived 22200 inherited trajectories across three datasets,source-reported asset/count description,upstream asset boundary,source_reported_component,prior-data component; labor/collection total may remain NR,Main PDF pp.6–7; supplement p.14 Table 5,"An inherited asset is located, but its full robot/person/compute cost is not necessarily reported."
LC-EFF-0033,sun2022relmm,active_human_time,NR,NR,NR,not_reported,none located,"PDF pp.1–2,5–6; Table 1",No complete quantitative value for this lifecycle channel was located; NR is not zero.
LC-EFF-0034,sun2022relmm,standby_monitoring_time,NR,NR,NR,not_reported,none located,"PDF pp.1–2,5–6; Table 1",No complete quantitative value for this lifecycle channel was located; NR is not zero.
LC-EFF-0035,sun2022relmm,reset_recovery_cost,NR,NR,NR,not_reported,none located,"PDF pp.1–2,5–6; Table 1",No complete quantitative value for this lifecycle channel was located; NR is not zero.
LC-EFF-0036,sun2022relmm,engineering_setup_time,NR,NR,NR,not_reported,none located,"PDF pp.1–2,5–6; Table 1",No complete quantitative value for this lifecycle channel was located; NR is not zero.
LC-EFF-0037,sun2022relmm,safety_exposure,NR,NR,NR,not_reported,none located,"PDF pp.1–2,5–6; Table 1",No complete quantitative value for this lifecycle channel was located; NR is not zero.
LC-EFF-0038,sun2022relmm,wear_maintenance_downtime,about every 5,h,battery-service cadence,source_reported_component,cadence only; downtime minutes NR,"PDF pp.1–2,5–6; Table 1",Reported component does not constitute a full lifecycle-channel total.
LC-EFF-0039,sun2022relmm,failed_development_runs,NR,NR,NR,not_reported,none located,"PDF pp.1–2,5–6; Table 1",No complete quantitative value for this lifecycle channel was located; NR is not zero.
LC-EFF-0040,sun2022relmm,prior_data_cost,"2,000-step startup curriculum",source-reported asset/count description,upstream asset boundary,source_reported_component,prior-data component; labor/collection total may remain NR,"PDF pp.1–2,5–6; Table 1","An inherited asset is located, but its full robot/person/compute cost is not necessarily reported."
LC-EFF-0041,hu2023reboot,active_human_time,<2,h,reset-demonstration collection,source_reported_component,reset demonstrations only,PDF pp.7–8; appendix E/F p.20,Reported component does not constitute a full lifecycle-channel total.
LC-EFF-0042,hu2023reboot,standby_monitoring_time,NR,NR,NR,not_reported,none located,PDF pp.7–8; appendix E/F p.20,No complete quantitative value for this lifecycle channel was located; NR is not zero.
LC-EFF-0043,hu2023reboot,reset_recovery_cost,0.608; 0.667; 0.367,success fraction,three learned reset policies,source_reported_component,outcome proxy; time/manual rescue NR,PDF pp.7–8; appendix E/F p.20,Reported component does not constitute a full lifecycle-channel total.
LC-EFF-0044,hu2023reboot,engineering_setup_time,NR,NR,NR,not_reported,none located,PDF pp.7–8; appendix E/F p.20,No complete quantitative value for this lifecycle channel was located; NR is not zero.
LC-EFF-0045,hu2023reboot,safety_exposure,NR,NR,NR,not_reported,none located,PDF pp.7–8; appendix E/F p.20,No complete quantitative value for this lifecycle channel was located; NR is not zero.
LC-EFF-0046,hu2023reboot,wear_maintenance_downtime,NR,NR,NR,not_reported,none located,PDF pp.7–8; appendix E/F p.20,No complete quantitative value for this lifecycle channel was located; NR is not zero.
LC-EFF-0047,hu2023reboot,failed_development_runs,NR,NR,NR,not_reported,none located,PDF pp.7–8; appendix E/F p.20,No complete quantitative value for this lifecycle channel was located; NR is not zero.
LC-EFF-0048,hu2023reboot,prior_data_cost,prior replay buffers; reset demonstrations; 1200 goal images derived,source-reported asset/count description,upstream asset boundary,source_reported_component,prior-data component; labor/collection total may remain NR,PDF pp.7–8; appendix E/F p.20,"An inherited asset is located, but its full robot/person/compute cost is not necessarily reported."
LC-EFF-0049,mendonca2025continuous,active_human_time,NR,NR,NR,not_reported,none located,"PDF pp.4,7–8,16",No complete quantitative value for this lifecycle channel was located; NR is not zero.
LC-EFF-0050,mendonca2025continuous,standby_monitoring_time,NR,NR,NR,not_reported,none located,"PDF pp.4,7–8,16",No complete quantitative value for this lifecycle channel was located; NR is not zero.
LC-EFF-0051,mendonca2025continuous,reset_recovery_cost,NR,NR,NR,not_reported,none located,"PDF pp.4,7–8,16",No complete quantitative value for this lifecycle channel was located; NR is not zero.
LC-EFF-0052,mendonca2025continuous,engineering_setup_time,mapping/fiducials/camera/prior controllers disclosed; labor time NR,qualitative proxy,source-specific,proxy_only,qualitative or denominator-incomplete proxy,"PDF pp.4,7–8,16",Proxy presence is not counted as quantitative lifecycle coverage.
LC-EFF-0053,mendonca2025continuous,safety_exposure,NR,NR,NR,not_reported,none located,"PDF pp.4,7–8,16",No complete quantitative value for this lifecycle channel was located; NR is not zero.
LC-EFF-0054,mendonca2025continuous,wear_maintenance_downtime,NR,NR,NR,not_reported,none located,"PDF pp.4,7–8,16",No complete quantitative value for this lifecycle channel was located; NR is not zero.
LC-EFF-0055,mendonca2025continuous,failed_development_runs,NR,NR,NR,not_reported,none located,"PDF pp.4,7–8,16",No complete quantitative value for this lifecycle channel was located; NR is not zero.
LC-EFF-0056,mendonca2025continuous,prior_data_cost,"mapping, fiducials, fixed camera, RRT*/procedural priors",source-reported asset/count description,upstream asset boundary,source_reported_component,prior-data component; labor/collection total may remain NR,"PDF pp.4,7–8,16","An inherited asset is located, but its full robot/person/compute cost is not necessarily reported."
LC-EFF-0057,stachowicz2023fastrlap,active_human_time,NR,NR,NR,not_reported,none located,"PDF pp.2–7,10; p.14 Table 4",No complete quantitative value for this lifecycle channel was located; NR is not zero.
LC-EFF-0058,stachowicz2023fastrlap,standby_monitoring_time,NR,NR,NR,not_reported,none located,"PDF pp.2–7,10; p.14 Table 4",No complete quantitative value for this lifecycle channel was located; NR is not zero.
LC-EFF-0059,stachowicz2023fastrlap,reset_recovery_cost,NR,NR,NR,not_reported,none located,"PDF pp.2–7,10; p.14 Table 4",No complete quantitative value for this lifecycle channel was located; NR is not zero.
LC-EFF-0060,stachowicz2023fastrlap,engineering_setup_time,NR,NR,NR,not_reported,none located,"PDF pp.2–7,10; p.14 Table 4",No complete quantitative value for this lifecycle channel was located; NR is not zero.
LC-EFF-0061,stachowicz2023fastrlap,safety_exposure,collision events are discussed; common exposure denominator NR,qualitative proxy,source-specific,proxy_only,qualitative or denominator-incomplete proxy,"PDF pp.2–7,10; p.14 Table 4",Proxy presence is not counted as quantitative lifecycle coverage.
LC-EFF-0062,stachowicz2023fastrlap,wear_maintenance_downtime,NR,NR,NR,not_reported,none located,"PDF pp.2–7,10; p.14 Table 4",No complete quantitative value for this lifecycle channel was located; NR is not zero.
LC-EFF-0063,stachowicz2023fastrlap,failed_development_runs,NR,NR,NR,not_reported,none located,"PDF pp.2–7,10; p.14 Table 4",No complete quantitative value for this lifecycle channel was located; NR is not zero.
LC-EFF-0064,stachowicz2023fastrlap,prior_data_cost,RECON encoder pretraining and on-task lap data,source-reported asset/count description,upstream asset boundary,source_reported_component,prior-data component; labor/collection total may remain NR,"PDF pp.2–7,10; p.14 Table 4","An inherited asset is located, but its full robot/person/compute cost is not necessarily reported."
LC-EFF-0065,hu2025robottrainsrobot,active_human_time,NR,NR,NR,not_reported,none located,"PDF pp.2,6",No complete quantitative value for this lifecycle channel was located; NR is not zero.
LC-EFF-0066,hu2025robottrainsrobot,standby_monitoring_time,NR,NR,NR,not_reported,none located,"PDF pp.2,6",No complete quantitative value for this lifecycle channel was located; NR is not zero.
LC-EFF-0067,hu2025robottrainsrobot,reset_recovery_cost,NR,NR,NR,not_reported,none located,"PDF pp.2,6",No complete quantitative value for this lifecycle channel was located; NR is not zero.
LC-EFF-0068,hu2025robottrainsrobot,engineering_setup_time,teacher robot/tether/sensor integration disclosed; setup time NR,qualitative proxy,source-specific,proxy_only,qualitative or denominator-incomplete proxy,"PDF pp.2,6",Proxy presence is not counted as quantitative lifecycle coverage.
LC-EFF-0069,hu2025robottrainsrobot,safety_exposure,NR,NR,NR,not_reported,none located,"PDF pp.2,6",No complete quantitative value for this lifecycle channel was located; NR is not zero.
LC-EFF-0070,hu2025robottrainsrobot,wear_maintenance_downtime,NR,NR,NR,not_reported,none located,"PDF pp.2,6",No complete quantitative value for this lifecycle channel was located; NR is not zero.
LC-EFF-0071,hu2025robottrainsrobot,failed_development_runs,NR,NR,NR,not_reported,none located,"PDF pp.2,6",No complete quantitative value for this lifecycle channel was located; NR is not zero.
LC-EFF-0072,hu2025robottrainsrobot,prior_data_cost,domain-randomized simulation; 50k real transitions for swing-up pretraining,source-reported asset/count description,upstream asset boundary,source_reported_component,prior-data component; labor/collection total may remain NR,"PDF pp.2,6","An inherited asset is located, but its full robot/person/compute cost is not necessarily reported."
LC-EFF-0073,sharma2026worldgymnast,active_human_time,NR,NR,NR,not_reported,none located,"PDF pp.4–7,15–16; appendix A.4 Table 5",No complete quantitative value for this lifecycle channel was located; NR is not zero.
LC-EFF-0074,sharma2026worldgymnast,standby_monitoring_time,NR,NR,NR,not_reported,none located,"PDF pp.4–7,15–16; appendix A.4 Table 5",No complete quantitative value for this lifecycle channel was located; NR is not zero.
LC-EFF-0075,sharma2026worldgymnast,reset_recovery_cost,NR,NR,NR,not_reported,none located,"PDF pp.4–7,15–16; appendix A.4 Table 5",No complete quantitative value for this lifecycle channel was located; NR is not zero.
LC-EFF-0076,sharma2026worldgymnast,engineering_setup_time,NR,NR,NR,not_reported,none located,"PDF pp.4–7,15–16; appendix A.4 Table 5",No complete quantitative value for this lifecycle channel was located; NR is not zero.
LC-EFF-0077,sharma2026worldgymnast,safety_exposure,NR,NR,NR,not_reported,none located,"PDF pp.4–7,15–16; appendix A.4 Table 5",No complete quantitative value for this lifecycle channel was located; NR is not zero.
LC-EFF-0078,sharma2026worldgymnast,wear_maintenance_downtime,NR,NR,NR,not_reported,none located,"PDF pp.4–7,15–16; appendix A.4 Table 5",No complete quantitative value for this lifecycle channel was located; NR is not zero.
LC-EFF-0079,sharma2026worldgymnast,failed_development_runs,NR,NR,NR,not_reported,none located,"PDF pp.4–7,15–16; appendix A.4 Table 5",No complete quantitative value for this lifecycle channel was located; NR is not zero.
LC-EFF-0080,sharma2026worldgymnast,prior_data_cost,"Open-X checkpoint, OpenVLA-OFT, BridgeData V2",source-reported asset/count description,upstream asset boundary,source_reported_component,prior-data component; labor/collection total may remain NR,"PDF pp.4–7,15–16; appendix A.4 Table 5","An inherited asset is located, but its full robot/person/compute cost is not necessarily reported."
LC-EFF-0081,zhao2025silri,active_human_time,NR,NR,NR,not_reported,none located,"PDF pp.5,7,9–10,13 Table II",No complete quantitative value for this lifecycle channel was located; NR is not zero.
LC-EFF-0082,zhao2025silri,standby_monitoring_time,operator remains enabled; operator-minutes NR,qualitative proxy,source-specific,proxy_only,qualitative or denominator-incomplete proxy,"PDF pp.5,7,9–10,13 Table II",Proxy presence is not counted as quantitative lifecycle coverage.
LC-EFF-0083,zhao2025silri,reset_recovery_cost,NR,NR,NR,not_reported,none located,"PDF pp.5,7,9–10,13 Table II",No complete quantitative value for this lifecycle channel was located; NR is not zero.
LC-EFF-0084,zhao2025silri,engineering_setup_time,NR,NR,NR,not_reported,none located,"PDF pp.5,7,9–10,13 Table II",No complete quantitative value for this lifecycle channel was located; NR is not zero.
LC-EFF-0085,zhao2025silri,safety_exposure,NR,NR,NR,not_reported,none located,"PDF pp.5,7,9–10,13 Table II",No complete quantitative value for this lifecycle channel was located; NR is not zero.
LC-EFF-0086,zhao2025silri,wear_maintenance_downtime,NR,NR,NR,not_reported,none located,"PDF pp.5,7,9–10,13 Table II",No complete quantitative value for this lifecycle channel was located; NR is not zero.
LC-EFF-0087,zhao2025silri,failed_development_runs,NR,NR,NR,not_reported,none located,"PDF pp.5,7,9–10,13 Table II",No complete quantitative value for this lifecycle channel was located; NR is not zero.
LC-EFF-0088,zhao2025silri,prior_data_cost,20 demonstrations per task; live interventions,source-reported asset/count description,upstream asset boundary,source_reported_component,prior-data component; labor/collection total may remain NR,"PDF pp.5,7,9–10,13 Table II","An inherited asset is located, but its full robot/person/compute cost is not necessarily reported."
LC-EFF-0089,yin2026playworld,active_human_time,NR,NR,NR,not_reported,none located,"PDF pp.2,4–7,10,23",No complete quantitative value for this lifecycle channel was located; NR is not zero.
LC-EFF-0090,yin2026playworld,standby_monitoring_time,occasional monitoring reported; minutes NR,qualitative proxy,source-specific,proxy_only,qualitative or denominator-incomplete proxy,"PDF pp.2,4–7,10,23",Proxy presence is not counted as quantitative lifecycle coverage.
LC-EFF-0091,yin2026playworld,reset_recovery_cost,NR,NR,NR,not_reported,none located,"PDF pp.2,4–7,10,23",No complete quantitative value for this lifecycle channel was located; NR is not zero.
LC-EFF-0092,yin2026playworld,engineering_setup_time,NR,NR,NR,not_reported,none located,"PDF pp.2,4–7,10,23",No complete quantitative value for this lifecycle channel was located; NR is not zero.
LC-EFF-0093,yin2026playworld,safety_exposure,NR,NR,NR,not_reported,none located,"PDF pp.2,4–7,10,23",No complete quantitative value for this lifecycle channel was located; NR is not zero.
LC-EFF-0094,yin2026playworld,wear_maintenance_downtime,NR,NR,NR,not_reported,none located,"PDF pp.2,4–7,10,23",No complete quantitative value for this lifecycle channel was located; NR is not zero.
LC-EFF-0095,yin2026playworld,failed_development_runs,NR,NR,NR,not_reported,none located,"PDF pp.2,4–7,10,23",No complete quantitative value for this lifecycle channel was located; NR is not zero.
LC-EFF-0096,yin2026playworld,prior_data_cost,DROID-pretrained world model and pretrained VLA,source-reported asset/count description,upstream asset boundary,source_reported_component,prior-data component; labor/collection total may remain NR,"PDF pp.2,4–7,10,23","An inherited asset is located, but its full robot/person/compute cost is not necessarily reported."
LC-EFF-0097,haarnoja2019walk,active_human_time,NR,NR,NR,not_reported,none located,PDF p.1 abstract; p.7 Sec. V-A; p.8 Sec. VI,No complete quantitative value for this lifecycle channel was located; NR is not zero.
LC-EFF-0098,haarnoja2019walk,standby_monitoring_time,NR,NR,NR,not_reported,none located,PDF p.1 abstract; p.7 Sec. V-A; p.8 Sec. VI,No complete quantitative value for this lifecycle channel was located; NR is not zero.
LC-EFF-0099,haarnoja2019walk,reset_recovery_cost,NR,NR,NR,not_reported,none located,PDF p.1 abstract; p.7 Sec. V-A; p.8 Sec. VI,No complete quantitative value for this lifecycle channel was located; NR is not zero.
LC-EFF-0100,haarnoja2019walk,engineering_setup_time,NR,NR,NR,not_reported,none located,PDF p.1 abstract; p.7 Sec. V-A; p.8 Sec. VI,No complete quantitative value for this lifecycle channel was located; NR is not zero.
LC-EFF-0101,haarnoja2019walk,safety_exposure,NR,NR,NR,not_reported,none located,PDF p.1 abstract; p.7 Sec. V-A; p.8 Sec. VI,No complete quantitative value for this lifecycle channel was located; NR is not zero.
LC-EFF-0102,haarnoja2019walk,wear_maintenance_downtime,NR,NR,NR,not_reported,none located,PDF p.1 abstract; p.7 Sec. V-A; p.8 Sec. VI,No complete quantitative value for this lifecycle channel was located; NR is not zero.
LC-EFF-0103,haarnoja2019walk,failed_development_runs,NR,NR,NR,not_reported,none located,PDF p.1 abstract; p.7 Sec. V-A; p.8 Sec. VI,No complete quantitative value for this lifecycle channel was located; NR is not zero.
LC-EFF-0104,haarnoja2019walk,prior_data_cost,NR,NR,NR,not_reported,none located,PDF p.1 abstract; p.7 Sec. V-A; p.8 Sec. VI,No complete quantitative value for this lifecycle channel was located; NR is not zero.
LC-EFF-0105,zhan2022ferm,active_human_time,<10,min,ten demonstration collection,source_reported_component,demonstration collection only,PDF p.3 Sec. III; p.4 Sec. IV and Fig. 4,Reported component does not constitute a full lifecycle-channel total.
LC-EFF-0106,zhan2022ferm,standby_monitoring_time,NR,NR,NR,not_reported,none located,PDF p.3 Sec. III; p.4 Sec. IV and Fig. 4,No complete quantitative value for this lifecycle channel was located; NR is not zero.
LC-EFF-0107,zhan2022ferm,reset_recovery_cost,NR,NR,NR,not_reported,none located,PDF p.3 Sec. III; p.4 Sec. IV and Fig. 4,No complete quantitative value for this lifecycle channel was located; NR is not zero.
LC-EFF-0108,zhan2022ferm,engineering_setup_time,NR,NR,NR,not_reported,none located,PDF p.3 Sec. III; p.4 Sec. IV and Fig. 4,No complete quantitative value for this lifecycle channel was located; NR is not zero.
LC-EFF-0109,zhan2022ferm,safety_exposure,NR,NR,NR,not_reported,none located,PDF p.3 Sec. III; p.4 Sec. IV and Fig. 4,No complete quantitative value for this lifecycle channel was located; NR is not zero.
LC-EFF-0110,zhan2022ferm,wear_maintenance_downtime,NR,NR,NR,not_reported,none located,PDF p.3 Sec. III; p.4 Sec. IV and Fig. 4,No complete quantitative value for this lifecycle channel was located; NR is not zero.
LC-EFF-0111,zhan2022ferm,failed_development_runs,NR,NR,NR,not_reported,none located,PDF p.3 Sec. III; p.4 Sec. IV and Fig. 4,No complete quantitative value for this lifecycle channel was located; NR is not zero.
LC-EFF-0112,zhan2022ferm,prior_data_cost,10 demonstrations collected in under 10 min,source-reported asset/count description,upstream asset boundary,source_reported_component,prior-data component; labor/collection total may remain NR,PDF p.3 Sec. III; p.4 Sec. IV and Fig. 4,"An inherited asset is located, but its full robot/person/compute cost is not necessarily reported."
LC-EFF-0113,tebbe2021tabletennis,active_human_time,NR,NR,NR,not_reported,none located,PDF p.5 Sec. IV; p.6 Sec. V,No complete quantitative value for this lifecycle channel was located; NR is not zero.
LC-EFF-0114,tebbe2021tabletennis,standby_monitoring_time,NR,NR,NR,not_reported,none located,PDF p.5 Sec. IV; p.6 Sec. V,No complete quantitative value for this lifecycle channel was located; NR is not zero.
LC-EFF-0115,tebbe2021tabletennis,reset_recovery_cost,NR,NR,NR,not_reported,none located,PDF p.5 Sec. IV; p.6 Sec. V,No complete quantitative value for this lifecycle channel was located; NR is not zero.
LC-EFF-0116,tebbe2021tabletennis,engineering_setup_time,NR,NR,NR,not_reported,none located,PDF p.5 Sec. IV; p.6 Sec. V,No complete quantitative value for this lifecycle channel was located; NR is not zero.
LC-EFF-0117,tebbe2021tabletennis,safety_exposure,NR,NR,NR,not_reported,none located,PDF p.5 Sec. IV; p.6 Sec. V,No complete quantitative value for this lifecycle channel was located; NR is not zero.
LC-EFF-0118,tebbe2021tabletennis,wear_maintenance_downtime,NR,NR,NR,not_reported,none located,PDF p.5 Sec. IV; p.6 Sec. V,No complete quantitative value for this lifecycle channel was located; NR is not zero.
LC-EFF-0119,tebbe2021tabletennis,failed_development_runs,NR,NR,NR,not_reported,none located,PDF p.5 Sec. IV; p.6 Sec. V,No complete quantitative value for this lifecycle channel was located; NR is not zero.
LC-EFF-0120,tebbe2021tabletennis,prior_data_cost,30 random warm-up actions,source-reported asset/count description,upstream asset boundary,source_reported_component,prior-data component; labor/collection total may remain NR,PDF p.5 Sec. IV; p.6 Sec. V,"An inherited asset is located, but its full robot/person/compute cost is not necessarily reported."
LC-EFF-0121,wu2023daydreamer,active_human_time,NR,NR,NR,not_reported,none located,PDF p.5 Sec. 4.1; pp.6–8 Secs. 4.2–4.4; p.13 appendix figure,No complete quantitative value for this lifecycle channel was located; NR is not zero.
LC-EFF-0122,wu2023daydreamer,standby_monitoring_time,NR,NR,NR,not_reported,none located,PDF p.5 Sec. 4.1; pp.6–8 Secs. 4.2–4.4; p.13 appendix figure,No complete quantitative value for this lifecycle channel was located; NR is not zero.
LC-EFF-0123,wu2023daydreamer,reset_recovery_cost,NR,NR,NR,not_reported,none located,PDF p.5 Sec. 4.1; pp.6–8 Secs. 4.2–4.4; p.13 appendix figure,No complete quantitative value for this lifecycle channel was located; NR is not zero.
LC-EFF-0124,wu2023daydreamer,engineering_setup_time,NR,NR,NR,not_reported,none located,PDF p.5 Sec. 4.1; pp.6–8 Secs. 4.2–4.4; p.13 appendix figure,No complete quantitative value for this lifecycle channel was located; NR is not zero.
LC-EFF-0125,wu2023daydreamer,safety_exposure,NR,NR,NR,not_reported,none located,PDF p.5 Sec. 4.1; pp.6–8 Secs. 4.2–4.4; p.13 appendix figure,No complete quantitative value for this lifecycle channel was located; NR is not zero.
LC-EFF-0126,wu2023daydreamer,wear_maintenance_downtime,wear/repair disclosed qualitatively; downtime NR,qualitative proxy,source-specific,proxy_only,qualitative or denominator-incomplete proxy,PDF p.5 Sec. 4.1; pp.6–8 Secs. 4.2–4.4; p.13 appendix figure,Proxy presence is not counted as quantitative lifecycle coverage.
LC-EFF-0127,wu2023daydreamer,failed_development_runs,NR,NR,NR,not_reported,none located,PDF p.5 Sec. 4.1; pp.6–8 Secs. 4.2–4.4; p.13 appendix figure,No complete quantitative value for this lifecycle channel was located; NR is not zero.
LC-EFF-0128,wu2023daydreamer,prior_data_cost,NR,NR,NR,not_reported,none located,PDF p.5 Sec. 4.1; pp.6–8 Secs. 4.2–4.4; p.13 appendix figure,No complete quantitative value for this lifecycle channel was located; NR is not zero.
LC-EFF-0129,kalashnikov2018qtopt,active_human_time,NR,NR,NR,not_reported,none located,PDF p.1 abstract; p.2 Sec. 1; p.14 Sec. 5.3; p.21 appendix,No complete quantitative value for this lifecycle channel was located; NR is not zero.
LC-EFF-0130,kalashnikov2018qtopt,standby_monitoring_time,NR,NR,NR,not_reported,none located,PDF p.1 abstract; p.2 Sec. 1; p.14 Sec. 5.3; p.21 appendix,No complete quantitative value for this lifecycle channel was located; NR is not zero.
LC-EFF-0131,kalashnikov2018qtopt,reset_recovery_cost,NR,NR,NR,not_reported,none located,PDF p.1 abstract; p.2 Sec. 1; p.14 Sec. 5.3; p.21 appendix,No complete quantitative value for this lifecycle channel was located; NR is not zero.
LC-EFF-0132,kalashnikov2018qtopt,engineering_setup_time,NR,NR,NR,not_reported,none located,PDF p.1 abstract; p.2 Sec. 1; p.14 Sec. 5.3; p.21 appendix,No complete quantitative value for this lifecycle channel was located; NR is not zero.
LC-EFF-0133,kalashnikov2018qtopt,safety_exposure,NR,NR,NR,not_reported,none located,PDF p.1 abstract; p.2 Sec. 1; p.14 Sec. 5.3; p.21 appendix,No complete quantitative value for this lifecycle channel was located; NR is not zero.
LC-EFF-0134,kalashnikov2018qtopt,wear_maintenance_downtime,NR,NR,NR,not_reported,none located,PDF p.1 abstract; p.2 Sec. 1; p.14 Sec. 5.3; p.21 appendix,No complete quantitative value for this lifecycle channel was located; NR is not zero.
LC-EFF-0135,kalashnikov2018qtopt,failed_development_runs,NR,NR,NR,not_reported,none located,PDF p.1 abstract; p.2 Sec. 1; p.14 Sec. 5.3; p.21 appendix,No complete quantitative value for this lifecycle channel was located; NR is not zero.
LC-EFF-0136,kalashnikov2018qtopt,prior_data_cost,existing grasp data are progressively aggregated,source-reported asset/count description,upstream asset boundary,source_reported_component,prior-data component; labor/collection total may remain NR,PDF p.1 abstract; p.2 Sec. 1; p.14 Sec. 5.3; p.21 appendix,"An inherited asset is located, but its full robot/person/compute cost is not necessarily reported."
LC-EFF-0137,kalashnikov2022mtopt,active_human_time,NR,NR,NR,not_reported,none located,"PDF p.1 abstract; pp.15–17 appendix, Table IV",No complete quantitative value for this lifecycle channel was located; NR is not zero.
LC-EFF-0138,kalashnikov2022mtopt,standby_monitoring_time,NR,NR,NR,not_reported,none located,"PDF p.1 abstract; pp.15–17 appendix, Table IV",No complete quantitative value for this lifecycle channel was located; NR is not zero.
LC-EFF-0139,kalashnikov2022mtopt,reset_recovery_cost,NR,NR,NR,not_reported,none located,"PDF p.1 abstract; pp.15–17 appendix, Table IV",No complete quantitative value for this lifecycle channel was located; NR is not zero.
LC-EFF-0140,kalashnikov2022mtopt,engineering_setup_time,NR,NR,NR,not_reported,none located,"PDF p.1 abstract; pp.15–17 appendix, Table IV",No complete quantitative value for this lifecycle channel was located; NR is not zero.
LC-EFF-0141,kalashnikov2022mtopt,safety_exposure,NR,NR,NR,not_reported,none located,"PDF p.1 abstract; pp.15–17 appendix, Table IV",No complete quantitative value for this lifecycle channel was located; NR is not zero.
LC-EFF-0142,kalashnikov2022mtopt,wear_maintenance_downtime,NR,NR,NR,not_reported,none located,"PDF p.1 abstract; pp.15–17 appendix, Table IV",No complete quantitative value for this lifecycle channel was located; NR is not zero.
LC-EFF-0143,kalashnikov2022mtopt,failed_development_runs,NR,NR,NR,not_reported,none located,"PDF p.1 abstract; pp.15–17 appendix, Table IV",No complete quantitative value for this lifecycle channel was located; NR is not zero.
LC-EFF-0144,kalashnikov2022mtopt,prior_data_cost,continually accumulated multi-task fleet replay,source-reported asset/count description,upstream asset boundary,source_reported_component,prior-data component; labor/collection total may remain NR,"PDF p.1 abstract; pp.15–17 appendix, Table IV","An inherited asset is located, but its full robot/person/compute cost is not necessarily reported."
LC-EFF-0145,riedmiller2018sacx,active_human_time,NR,NR,NR,not_reported,none located,PDF p.8 Sec. 5.4 and physical-robot figure,No complete quantitative value for this lifecycle channel was located; NR is not zero.
LC-EFF-0146,riedmiller2018sacx,standby_monitoring_time,NR,NR,NR,not_reported,none located,PDF p.8 Sec. 5.4 and physical-robot figure,No complete quantitative value for this lifecycle channel was located; NR is not zero.
LC-EFF-0147,riedmiller2018sacx,reset_recovery_cost,NR,NR,NR,not_reported,none located,PDF p.8 Sec. 5.4 and physical-robot figure,No complete quantitative value for this lifecycle channel was located; NR is not zero.
LC-EFF-0148,riedmiller2018sacx,engineering_setup_time,NR,NR,NR,not_reported,none located,PDF p.8 Sec. 5.4 and physical-robot figure,No complete quantitative value for this lifecycle channel was located; NR is not zero.
LC-EFF-0149,riedmiller2018sacx,safety_exposure,NR,NR,NR,not_reported,none located,PDF p.8 Sec. 5.4 and physical-robot figure,No complete quantitative value for this lifecycle channel was located; NR is not zero.
LC-EFF-0150,riedmiller2018sacx,wear_maintenance_downtime,NR,NR,NR,not_reported,none located,PDF p.8 Sec. 5.4 and physical-robot figure,No complete quantitative value for this lifecycle channel was located; NR is not zero.
LC-EFF-0151,riedmiller2018sacx,failed_development_runs,NR,NR,NR,not_reported,none located,PDF p.8 Sec. 5.4 and physical-robot figure,No complete quantitative value for this lifecycle channel was located; NR is not zero.
LC-EFF-0152,riedmiller2018sacx,prior_data_cost,NR,NR,NR,not_reported,none located,PDF p.8 Sec. 5.4 and physical-robot figure,No complete quantitative value for this lifecycle channel was located; NR is not zero.
LC-EFF-0153,nair2020awac,active_human_time,NR,NR,NR,not_reported,none located,PDF p.8 Sec. 6.3; p.17 appendix robot-experiment details,No complete quantitative value for this lifecycle channel was located; NR is not zero.
LC-EFF-0154,nair2020awac,standby_monitoring_time,NR,NR,NR,not_reported,none located,PDF p.8 Sec. 6.3; p.17 appendix robot-experiment details,No complete quantitative value for this lifecycle channel was located; NR is not zero.
LC-EFF-0155,nair2020awac,reset_recovery_cost,NR,NR,NR,not_reported,none located,PDF p.8 Sec. 6.3; p.17 appendix robot-experiment details,No complete quantitative value for this lifecycle channel was located; NR is not zero.
LC-EFF-0156,nair2020awac,engineering_setup_time,NR,NR,NR,not_reported,none located,PDF p.8 Sec. 6.3; p.17 appendix robot-experiment details,No complete quantitative value for this lifecycle channel was located; NR is not zero.
LC-EFF-0157,nair2020awac,safety_exposure,NR,NR,NR,not_reported,none located,PDF p.8 Sec. 6.3; p.17 appendix robot-experiment details,No complete quantitative value for this lifecycle channel was located; NR is not zero.
LC-EFF-0158,nair2020awac,wear_maintenance_downtime,NR,NR,NR,not_reported,none located,PDF p.8 Sec. 6.3; p.17 appendix robot-experiment details,No complete quantitative value for this lifecycle channel was located; NR is not zero.
LC-EFF-0159,nair2020awac,failed_development_runs,NR,NR,NR,not_reported,none located,PDF p.8 Sec. 6.3; p.17 appendix robot-experiment details,No complete quantitative value for this lifecycle channel was located; NR is not zero.
LC-EFF-0160,nair2020awac,prior_data_cost,200; 500; 50 behavior-cloned prior trajectories in addition to 39 demonstrations,source-reported asset/count description,upstream asset boundary,source_reported_component,prior-data component; labor/collection total may remain NR,PDF p.8 Sec. 6.3; p.17 appendix robot-experiment details,"An inherited asset is located, but its full robot/person/compute cost is not necessarily reported."
LC-EFF-0161,singh2021cog,active_human_time,NR,NR,NR,not_reported,none located,PDF p.8 Sec. 5.2 and real-robot table,No complete quantitative value for this lifecycle channel was located; NR is not zero.
LC-EFF-0162,singh2021cog,standby_monitoring_time,NR,NR,NR,not_reported,none located,PDF p.8 Sec. 5.2 and real-robot table,No complete quantitative value for this lifecycle channel was located; NR is not zero.
LC-EFF-0163,singh2021cog,reset_recovery_cost,NR,NR,NR,not_reported,none located,PDF p.8 Sec. 5.2 and real-robot table,No complete quantitative value for this lifecycle channel was located; NR is not zero.
LC-EFF-0164,singh2021cog,engineering_setup_time,NR,NR,NR,not_reported,none located,PDF p.8 Sec. 5.2 and real-robot table,No complete quantitative value for this lifecycle channel was located; NR is not zero.
LC-EFF-0165,singh2021cog,safety_exposure,NR,NR,NR,not_reported,none located,PDF p.8 Sec. 5.2 and real-robot table,No complete quantitative value for this lifecycle channel was located; NR is not zero.
LC-EFF-0166,singh2021cog,wear_maintenance_downtime,NR,NR,NR,not_reported,none located,PDF p.8 Sec. 5.2 and real-robot table,No complete quantitative value for this lifecycle channel was located; NR is not zero.
LC-EFF-0167,singh2021cog,failed_development_runs,NR,NR,NR,not_reported,none located,PDF p.8 Sec. 5.2 and real-robot table,No complete quantitative value for this lifecycle channel was located; NR is not zero.
LC-EFF-0168,singh2021cog,prior_data_cost,80k prior transitions/20 h plus 80k new-task transitions/34 h,source-reported asset/count description,upstream asset boundary,source_reported_component,prior-data component; labor/collection total may remain NR,PDF p.8 Sec. 5.2 and real-robot table,"An inherited asset is located, but its full robot/person/compute cost is not necessarily reported."
LC-EFF-0169,kumar2023ptr,active_human_time,NR,NR,NR,not_reported,none located,PDF pp.7–9 Sec. 5; pp.14–16 appendix; p.21 appendix,No complete quantitative value for this lifecycle channel was located; NR is not zero.
LC-EFF-0170,kumar2023ptr,standby_monitoring_time,NR,NR,NR,not_reported,none located,PDF pp.7–9 Sec. 5; pp.14–16 appendix; p.21 appendix,No complete quantitative value for this lifecycle channel was located; NR is not zero.
LC-EFF-0171,kumar2023ptr,reset_recovery_cost,NR,NR,NR,not_reported,none located,PDF pp.7–9 Sec. 5; pp.14–16 appendix; p.21 appendix,No complete quantitative value for this lifecycle channel was located; NR is not zero.
LC-EFF-0172,kumar2023ptr,engineering_setup_time,NR,NR,NR,not_reported,none located,PDF pp.7–9 Sec. 5; pp.14–16 appendix; p.21 appendix,No complete quantitative value for this lifecycle channel was located; NR is not zero.
LC-EFF-0173,kumar2023ptr,safety_exposure,NR,NR,NR,not_reported,none located,PDF pp.7–9 Sec. 5; pp.14–16 appendix; p.21 appendix,No complete quantitative value for this lifecycle channel was located; NR is not zero.
LC-EFF-0174,kumar2023ptr,wear_maintenance_downtime,NR,NR,NR,not_reported,none located,PDF pp.7–9 Sec. 5; pp.14–16 appendix; p.21 appendix,No complete quantitative value for this lifecycle channel was located; NR is not zero.
LC-EFF-0175,kumar2023ptr,failed_development_runs,NR,NR,NR,not_reported,none located,PDF pp.7–9 Sec. 5; pp.14–16 appendix; p.21 appendix,No complete quantitative value for this lifecycle channel was located; NR is not zero.
LC-EFF-0176,kumar2023ptr,prior_data_cost,"1,850 trajectories/31 tasks; Bridge dataset 5,920 trajectories/80 tasks in another setup",source-reported asset/count description,upstream asset boundary,source_reported_component,prior-data component; labor/collection total may remain NR,PDF pp.7–9 Sec. 5; pp.14–16 appendix; p.21 appendix,"An inherited asset is located, but its full robot/person/compute cost is not necessarily reported."
LC-EFF-0177,chebotar2023qtransformer,active_human_time,NR,NR,NR,not_reported,none located,PDF p.2 Sec. 1; p.6 Sec. 4 and evaluation table; p.8 compute paragraph,No complete quantitative value for this lifecycle channel was located; NR is not zero.
LC-EFF-0178,chebotar2023qtransformer,standby_monitoring_time,NR,NR,NR,not_reported,none located,PDF p.2 Sec. 1; p.6 Sec. 4 and evaluation table; p.8 compute paragraph,No complete quantitative value for this lifecycle channel was located; NR is not zero.
LC-EFF-0179,chebotar2023qtransformer,reset_recovery_cost,NR,NR,NR,not_reported,none located,PDF p.2 Sec. 1; p.6 Sec. 4 and evaluation table; p.8 compute paragraph,No complete quantitative value for this lifecycle channel was located; NR is not zero.
LC-EFF-0180,chebotar2023qtransformer,engineering_setup_time,NR,NR,NR,not_reported,none located,PDF p.2 Sec. 1; p.6 Sec. 4 and evaluation table; p.8 compute paragraph,No complete quantitative value for this lifecycle channel was located; NR is not zero.
LC-EFF-0181,chebotar2023qtransformer,safety_exposure,NR,NR,NR,not_reported,none located,PDF p.2 Sec. 1; p.6 Sec. 4 and evaluation table; p.8 compute paragraph,No complete quantitative value for this lifecycle channel was located; NR is not zero.
LC-EFF-0182,chebotar2023qtransformer,wear_maintenance_downtime,NR,NR,NR,not_reported,none located,PDF p.2 Sec. 1; p.6 Sec. 4 and evaluation table; p.8 compute paragraph,No complete quantitative value for this lifecycle channel was located; NR is not zero.
LC-EFF-0183,chebotar2023qtransformer,failed_development_runs,NR,NR,NR,not_reported,none located,PDF p.2 Sec. 1; p.6 Sec. 4 and evaluation table; p.8 compute paragraph,No complete quantitative value for this lifecycle channel was located; NR is not zero.
LC-EFF-0184,chebotar2023qtransformer,prior_data_cost,38k demonstrations plus 20k autonomous failed episodes,source-reported asset/count description,upstream asset boundary,source_reported_component,prior-data component; labor/collection total may remain NR,PDF p.2 Sec. 1; p.6 Sec. 4 and evaluation table; p.8 compute paragraph,"An inherited asset is located, but its full robot/person/compute cost is not necessarily reported."
LC-EFF-0185,nair2018rig,active_human_time,NR,NR,NR,not_reported,none located,PDF pp.8–9 Sec. 5.3,No complete quantitative value for this lifecycle channel was located; NR is not zero.
LC-EFF-0186,nair2018rig,standby_monitoring_time,NR,NR,NR,not_reported,none located,PDF pp.8–9 Sec. 5.3,No complete quantitative value for this lifecycle channel was located; NR is not zero.
LC-EFF-0187,nair2018rig,reset_recovery_cost,NR,NR,NR,not_reported,none located,PDF pp.8–9 Sec. 5.3,No complete quantitative value for this lifecycle channel was located; NR is not zero.
LC-EFF-0188,nair2018rig,engineering_setup_time,NR,NR,NR,not_reported,none located,PDF pp.8–9 Sec. 5.3,No complete quantitative value for this lifecycle channel was located; NR is not zero.
LC-EFF-0189,nair2018rig,safety_exposure,NR,NR,NR,not_reported,none located,PDF pp.8–9 Sec. 5.3,No complete quantitative value for this lifecycle channel was located; NR is not zero.
LC-EFF-0190,nair2018rig,wear_maintenance_downtime,NR,NR,NR,not_reported,none located,PDF pp.8–9 Sec. 5.3,No complete quantitative value for this lifecycle channel was located; NR is not zero.
LC-EFF-0191,nair2018rig,failed_development_runs,NR,NR,NR,not_reported,none located,PDF pp.8–9 Sec. 5.3,No complete quantitative value for this lifecycle channel was located; NR is not zero.
LC-EFF-0192,nair2018rig,prior_data_cost,NR,NR,NR,not_reported,none located,PDF pp.8–9 Sec. 5.3,No complete quantitative value for this lifecycle channel was located; NR is not zero.
LC-EFF-0193,gupta2021resetfreemtl,active_human_time,NR,NR,NR,not_reported,none located,"PDF p.1 abstract; pp.5–8 Secs. V-B and VI-C, Fig. 12",No complete quantitative value for this lifecycle channel was located; NR is not zero.
LC-EFF-0194,gupta2021resetfreemtl,standby_monitoring_time,NR,NR,NR,not_reported,none located,"PDF p.1 abstract; pp.5–8 Secs. V-B and VI-C, Fig. 12",No complete quantitative value for this lifecycle channel was located; NR is not zero.
LC-EFF-0195,gupta2021resetfreemtl,reset_recovery_cost,NR,NR,NR,not_reported,none located,"PDF p.1 abstract; pp.5–8 Secs. V-B and VI-C, Fig. 12",No complete quantitative value for this lifecycle channel was located; NR is not zero.
LC-EFF-0196,gupta2021resetfreemtl,engineering_setup_time,NR,NR,NR,not_reported,none located,"PDF p.1 abstract; pp.5–8 Secs. V-B and VI-C, Fig. 12",No complete quantitative value for this lifecycle channel was located; NR is not zero.
LC-EFF-0197,gupta2021resetfreemtl,safety_exposure,NR,NR,NR,not_reported,none located,"PDF p.1 abstract; pp.5–8 Secs. V-B and VI-C, Fig. 12",No complete quantitative value for this lifecycle channel was located; NR is not zero.
LC-EFF-0198,gupta2021resetfreemtl,wear_maintenance_downtime,NR,NR,NR,not_reported,none located,"PDF p.1 abstract; pp.5–8 Secs. V-B and VI-C, Fig. 12",No complete quantitative value for this lifecycle channel was located; NR is not zero.
LC-EFF-0199,gupta2021resetfreemtl,failed_development_runs,NR,NR,NR,not_reported,none located,"PDF p.1 abstract; pp.5–8 Secs. V-B and VI-C, Fig. 12",No complete quantitative value for this lifecycle channel was located; NR is not zero.
LC-EFF-0200,gupta2021resetfreemtl,prior_data_cost,NR,NR,NR,not_reported,none located,"PDF p.1 abstract; pp.5–8 Secs. V-B and VI-C, Fig. 12",No complete quantitative value for this lifecycle channel was located; NR is not zero.
LC-EFF-0201,yang2020dataefficientlegged,active_human_time,NR,NR,NR,not_reported,none located,PDF p.2 contribution summary; p.8 conclusion,No complete quantitative value for this lifecycle channel was located; NR is not zero.
LC-EFF-0202,yang2020dataefficientlegged,standby_monitoring_time,NR,NR,NR,not_reported,none located,PDF p.2 contribution summary; p.8 conclusion,No complete quantitative value for this lifecycle channel was located; NR is not zero.
LC-EFF-0203,yang2020dataefficientlegged,reset_recovery_cost,NR,NR,NR,not_reported,none located,PDF p.2 contribution summary; p.8 conclusion,No complete quantitative value for this lifecycle channel was located; NR is not zero.
LC-EFF-0204,yang2020dataefficientlegged,engineering_setup_time,approximately 10 total vs 4.5 interaction,min,single robot experiment,source_reported_component,combined boundary; setup component cannot be isolated,PDF p.2 contribution summary; p.8 conclusion,Reported component does not constitute a full lifecycle-channel total.
LC-EFF-0205,yang2020dataefficientlegged,safety_exposure,NR,NR,NR,not_reported,none located,PDF p.2 contribution summary; p.8 conclusion,No complete quantitative value for this lifecycle channel was located; NR is not zero.
LC-EFF-0206,yang2020dataefficientlegged,wear_maintenance_downtime,NR,NR,NR,not_reported,none located,PDF p.2 contribution summary; p.8 conclusion,No complete quantitative value for this lifecycle channel was located; NR is not zero.
LC-EFF-0207,yang2020dataefficientlegged,failed_development_runs,NR,NR,NR,not_reported,none located,PDF p.2 contribution summary; p.8 conclusion,No complete quantitative value for this lifecycle channel was located; NR is not zero.
LC-EFF-0208,yang2020dataefficientlegged,prior_data_cost,NR,NR,NR,not_reported,none located,PDF p.2 contribution summary; p.8 conclusion,No complete quantitative value for this lifecycle channel was located; NR is not zero.
LC-EFF-0209,nagabandi2019metarl,active_human_time,NR,NR,NR,not_reported,none located,PDF p.9 Sec. 5.4,No complete quantitative value for this lifecycle channel was located; NR is not zero.
LC-EFF-0210,nagabandi2019metarl,standby_monitoring_time,NR,NR,NR,not_reported,none located,PDF p.9 Sec. 5.4,No complete quantitative value for this lifecycle channel was located; NR is not zero.
LC-EFF-0211,nagabandi2019metarl,reset_recovery_cost,NR,NR,NR,not_reported,none located,PDF p.9 Sec. 5.4,No complete quantitative value for this lifecycle channel was located; NR is not zero.
LC-EFF-0212,nagabandi2019metarl,engineering_setup_time,NR,NR,NR,not_reported,none located,PDF p.9 Sec. 5.4,No complete quantitative value for this lifecycle channel was located; NR is not zero.
LC-EFF-0213,nagabandi2019metarl,safety_exposure,NR,NR,NR,not_reported,none located,PDF p.9 Sec. 5.4,No complete quantitative value for this lifecycle channel was located; NR is not zero.
LC-EFF-0214,nagabandi2019metarl,wear_maintenance_downtime,NR,NR,NR,not_reported,none located,PDF p.9 Sec. 5.4,No complete quantitative value for this lifecycle channel was located; NR is not zero.
LC-EFF-0215,nagabandi2019metarl,failed_development_runs,NR,NR,NR,not_reported,none located,PDF p.9 Sec. 5.4,No complete quantitative value for this lifecycle channel was located; NR is not zero.
LC-EFF-0216,nagabandi2019metarl,prior_data_cost,random-policy data on three terrains plus model meta-training,source-reported asset/count description,upstream asset boundary,source_reported_component,prior-data component; labor/collection total may remain NR,PDF p.9 Sec. 5.4,"An inherited asset is located, but its full robot/person/compute cost is not necessarily reported."
LC-EFF-0217,cully2015adaptanimals,active_human_time,NR,NR,NR,not_reported,none located,PDF p.1 abstract; Methods pp.18 and 20,No complete quantitative value for this lifecycle channel was located; NR is not zero.
LC-EFF-0218,cully2015adaptanimals,standby_monitoring_time,NR,NR,NR,not_reported,none located,PDF p.1 abstract; Methods pp.18 and 20,No complete quantitative value for this lifecycle channel was located; NR is not zero.
LC-EFF-0219,cully2015adaptanimals,reset_recovery_cost,NR,NR,NR,not_reported,none located,PDF p.1 abstract; Methods pp.18 and 20,No complete quantitative value for this lifecycle channel was located; NR is not zero.
LC-EFF-0220,cully2015adaptanimals,engineering_setup_time,NR,NR,NR,not_reported,none located,PDF p.1 abstract; Methods pp.18 and 20,No complete quantitative value for this lifecycle channel was located; NR is not zero.
LC-EFF-0221,cully2015adaptanimals,safety_exposure,NR,NR,NR,not_reported,none located,PDF p.1 abstract; Methods pp.18 and 20,No complete quantitative value for this lifecycle channel was located; NR is not zero.
LC-EFF-0222,cully2015adaptanimals,wear_maintenance_downtime,NR,NR,NR,not_reported,none located,PDF p.1 abstract; Methods pp.18 and 20,No complete quantitative value for this lifecycle channel was located; NR is not zero.
LC-EFF-0223,cully2015adaptanimals,failed_development_runs,NR,NR,NR,not_reported,none located,PDF p.1 abstract; Methods pp.18 and 20,No complete quantitative value for this lifecycle channel was located; NR is not zero.
LC-EFF-0224,cully2015adaptanimals,prior_data_cost,millions of simulated behaviors populate a repertoire before deployment,source-reported asset/count description,upstream asset boundary,source_reported_component,prior-data component; labor/collection total may remain NR,PDF p.1 abstract; Methods pp.18 and 20,"An inherited asset is located, but its full robot/person/compute cost is not necessarily reported."
LC-EFF-0225,chatzilygeroudis2017blackdrops,active_human_time,NR,NR,NR,not_reported,none located,Correct PDF p.7 real-robot experiment; p.8 computational-cost discussion,No complete quantitative value for this lifecycle channel was located; NR is not zero.
LC-EFF-0226,chatzilygeroudis2017blackdrops,standby_monitoring_time,NR,NR,NR,not_reported,none located,Correct PDF p.7 real-robot experiment; p.8 computational-cost discussion,No complete quantitative value for this lifecycle channel was located; NR is not zero.
LC-EFF-0227,chatzilygeroudis2017blackdrops,reset_recovery_cost,NR,NR,NR,not_reported,none located,Correct PDF p.7 real-robot experiment; p.8 computational-cost discussion,No complete quantitative value for this lifecycle channel was located; NR is not zero.
LC-EFF-0228,chatzilygeroudis2017blackdrops,engineering_setup_time,NR,NR,NR,not_reported,none located,Correct PDF p.7 real-robot experiment; p.8 computational-cost discussion,No complete quantitative value for this lifecycle channel was located; NR is not zero.
LC-EFF-0229,chatzilygeroudis2017blackdrops,safety_exposure,NR,NR,NR,not_reported,none located,Correct PDF p.7 real-robot experiment; p.8 computational-cost discussion,No complete quantitative value for this lifecycle channel was located; NR is not zero.
LC-EFF-0230,chatzilygeroudis2017blackdrops,wear_maintenance_downtime,NR,NR,NR,not_reported,none located,Correct PDF p.7 real-robot experiment; p.8 computational-cost discussion,No complete quantitative value for this lifecycle channel was located; NR is not zero.
LC-EFF-0231,chatzilygeroudis2017blackdrops,failed_development_runs,NR,NR,NR,not_reported,none located,Correct PDF p.7 real-robot experiment; p.8 computational-cost discussion,No complete quantitative value for this lifecycle channel was located; NR is not zero.
LC-EFF-0232,chatzilygeroudis2017blackdrops,prior_data_cost,one random physical episode initializes search,source-reported asset/count description,upstream asset boundary,source_reported_component,prior-data component; labor/collection total may remain NR,Correct PDF p.7 real-robot experiment; p.8 computational-cost discussion,"An inherited asset is located, but its full robot/person/compute cost is not necessarily reported."
LC-EFF-0233,johannink2019residual,active_human_time,NR,NR,NR,not_reported,none located,PDF pp.5–6 Sec. IV and physical result figures,No complete quantitative value for this lifecycle channel was located; NR is not zero.
LC-EFF-0234,johannink2019residual,standby_monitoring_time,NR,NR,NR,not_reported,none located,PDF pp.5–6 Sec. IV and physical result figures,No complete quantitative value for this lifecycle channel was located; NR is not zero.
LC-EFF-0235,johannink2019residual,reset_recovery_cost,NR,NR,NR,not_reported,none located,PDF pp.5–6 Sec. IV and physical result figures,No complete quantitative value for this lifecycle channel was located; NR is not zero.
LC-EFF-0236,johannink2019residual,engineering_setup_time,NR,NR,NR,not_reported,none located,PDF pp.5–6 Sec. IV and physical result figures,No complete quantitative value for this lifecycle channel was located; NR is not zero.
LC-EFF-0237,johannink2019residual,safety_exposure,NR,NR,NR,not_reported,none located,PDF pp.5–6 Sec. IV and physical result figures,No complete quantitative value for this lifecycle channel was located; NR is not zero.
LC-EFF-0238,johannink2019residual,wear_maintenance_downtime,NR,NR,NR,not_reported,none located,PDF pp.5–6 Sec. IV and physical result figures,No complete quantitative value for this lifecycle channel was located; NR is not zero.
LC-EFF-0239,johannink2019residual,failed_development_runs,NR,NR,NR,not_reported,none located,PDF pp.5–6 Sec. IV and physical result figures,No complete quantitative value for this lifecycle channel was located; NR is not zero.
LC-EFF-0240,johannink2019residual,prior_data_cost,hand-engineered base controller; optional simulation pretraining,source-reported asset/count description,upstream asset boundary,source_reported_component,prior-data component; labor/collection total may remain NR,PDF pp.5–6 Sec. IV and physical result figures,"An inherited asset is located, but its full robot/person/compute cost is not necessarily reported."
LC-EFF-0241,zhou2023realorl,active_human_time,>270,human-h,combined corpus operation,source_reported,full reported component; role split NR,PDF pp.1–2 abstract/introduction; p.5 dataset table; p.10 appendix summary; p.16 compute appendix,Reported component does not constitute a full lifecycle-channel total.
LC-EFF-0242,zhou2023realorl,standby_monitoring_time,NR,NR,NR,not_reported,none located,PDF pp.1–2 abstract/introduction; p.5 dataset table; p.10 appendix summary; p.16 compute appendix,No complete quantitative value for this lifecycle channel was located; NR is not zero.
LC-EFF-0243,zhou2023realorl,reset_recovery_cost,NR,NR,NR,not_reported,none located,PDF pp.1–2 abstract/introduction; p.5 dataset table; p.10 appendix summary; p.16 compute appendix,No complete quantitative value for this lifecycle channel was located; NR is not zero.
LC-EFF-0244,zhou2023realorl,engineering_setup_time,NR,NR,NR,not_reported,none located,PDF pp.1–2 abstract/introduction; p.5 dataset table; p.10 appendix summary; p.16 compute appendix,No complete quantitative value for this lifecycle channel was located; NR is not zero.
LC-EFF-0245,zhou2023realorl,safety_exposure,NR,NR,NR,not_reported,none located,PDF pp.1–2 abstract/introduction; p.5 dataset table; p.10 appendix summary; p.16 compute appendix,No complete quantitative value for this lifecycle channel was located; NR is not zero.
LC-EFF-0246,zhou2023realorl,wear_maintenance_downtime,NR,NR,NR,not_reported,none located,PDF pp.1–2 abstract/introduction; p.5 dataset table; p.10 appendix summary; p.16 compute appendix,No complete quantitative value for this lifecycle channel was located; NR is not zero.
LC-EFF-0247,zhou2023realorl,failed_development_runs,NR,NR,NR,not_reported,none located,PDF pp.1–2 abstract/introduction; p.5 dataset table; p.10 appendix summary; p.16 compute appendix,No complete quantitative value for this lifecycle channel was located; NR is not zero.
LC-EFF-0248,zhou2023realorl,prior_data_cost,"more than 6,500 trajectories across training and extensive evaluation",source-reported asset/count description,upstream asset boundary,source_reported_component,prior-data component; labor/collection total may remain NR,PDF pp.1–2 abstract/introduction; p.5 dataset table; p.10 appendix summary; p.16 compute appendix,"An inherited asset is located, but its full robot/person/compute cost is not necessarily reported."
LC-EFF-0249,wurss2023locality,active_human_time,NR,NR,NR,not_reported,none located,PDF p.1 abstract; p.2 Table I; p.3 system; pp.5–6 Secs. IV–V,No complete quantitative value for this lifecycle channel was located; NR is not zero.
LC-EFF-0250,wurss2023locality,standby_monitoring_time,NR,NR,NR,not_reported,none located,PDF p.1 abstract; p.2 Table I; p.3 system; pp.5–6 Secs. IV–V,No complete quantitative value for this lifecycle channel was located; NR is not zero.
LC-EFF-0251,wurss2023locality,reset_recovery_cost,NR,NR,NR,not_reported,none located,PDF p.1 abstract; p.2 Table I; p.3 system; pp.5–6 Secs. IV–V,No complete quantitative value for this lifecycle channel was located; NR is not zero.
LC-EFF-0252,wurss2023locality,engineering_setup_time,NR,NR,NR,not_reported,none located,PDF p.1 abstract; p.2 Table I; p.3 system; pp.5–6 Secs. IV–V,No complete quantitative value for this lifecycle channel was located; NR is not zero.
LC-EFF-0253,wurss2023locality,safety_exposure,NR,NR,NR,not_reported,none located,PDF p.1 abstract; p.2 Table I; p.3 system; pp.5–6 Secs. IV–V,No complete quantitative value for this lifecycle channel was located; NR is not zero.
LC-EFF-0254,wurss2023locality,wear_maintenance_downtime,NR,NR,NR,not_reported,none located,PDF p.1 abstract; p.2 Table I; p.3 system; pp.5–6 Secs. IV–V,No complete quantitative value for this lifecycle channel was located; NR is not zero.
LC-EFF-0255,wurss2023locality,failed_development_runs,NR,NR,NR,not_reported,none located,PDF p.1 abstract; p.2 Table I; p.3 system; pp.5–6 Secs. IV–V,No complete quantitative value for this lifecycle channel was located; NR is not zero.
LC-EFF-0256,wurss2023locality,prior_data_cost,NR,NR,NR,not_reported,none located,PDF p.1 abstract; p.2 Table I; p.3 system; pp.5–6 Secs. IV–V,No complete quantitative value for this lifecycle channel was located; NR is not zero.
LC-EFF-0257,lancaster2024modemv2,active_human_time,NR,NR,NR,not_reported,none located,PDF pp.5–6 Sec. IV and time figure; pp.9–10 appendix,No complete quantitative value for this lifecycle channel was located; NR is not zero.
LC-EFF-0258,lancaster2024modemv2,standby_monitoring_time,NR,NR,NR,not_reported,none located,PDF pp.5–6 Sec. IV and time figure; pp.9–10 appendix,No complete quantitative value for this lifecycle channel was located; NR is not zero.
LC-EFF-0259,lancaster2024modemv2,reset_recovery_cost,NR,NR,NR,not_reported,none located,PDF pp.5–6 Sec. IV and time figure; pp.9–10 appendix,No complete quantitative value for this lifecycle channel was located; NR is not zero.
LC-EFF-0260,lancaster2024modemv2,engineering_setup_time,NR,NR,NR,not_reported,none located,PDF pp.5–6 Sec. IV and time figure; pp.9–10 appendix,No complete quantitative value for this lifecycle channel was located; NR is not zero.
LC-EFF-0261,lancaster2024modemv2,safety_exposure,NR,NR,NR,not_reported,none located,PDF pp.5–6 Sec. IV and time figure; pp.9–10 appendix,No complete quantitative value for this lifecycle channel was located; NR is not zero.
LC-EFF-0262,lancaster2024modemv2,wear_maintenance_downtime,NR,NR,NR,not_reported,none located,PDF pp.5–6 Sec. IV and time figure; pp.9–10 appendix,No complete quantitative value for this lifecycle channel was located; NR is not zero.
LC-EFF-0263,lancaster2024modemv2,failed_development_runs,NR,NR,NR,not_reported,none located,PDF pp.5–6 Sec. IV and time figure; pp.9–10 appendix,No complete quantitative value for this lifecycle channel was located; NR is not zero.
LC-EFF-0264,lancaster2024modemv2,prior_data_cost,10 demonstrations per task,source-reported asset/count description,upstream asset boundary,source_reported_component,prior-data component; labor/collection total may remain NR,PDF pp.5–6 Sec. IV and time figure; pp.9–10 appendix,"An inherited asset is located, but its full robot/person/compute cost is not necessarily reported."
LC-EFF-0265,sharma2023medalpp,active_human_time,NR,NR,NR,not_reported,none located,PDF p.7 Figs. 5–6 and Table 6,No complete quantitative value for this lifecycle channel was located; NR is not zero.
LC-EFF-0266,sharma2023medalpp,standby_monitoring_time,NR,NR,NR,not_reported,none located,PDF p.7 Figs. 5–6 and Table 6,No complete quantitative value for this lifecycle channel was located; NR is not zero.
LC-EFF-0267,sharma2023medalpp,reset_recovery_cost,first 30 min then approximately hourly,manual-reset cadence,per-task long run,source_reported_component,cadence only; minutes/count NR,PDF p.7 Figs. 5–6 and Table 6,Reported component does not constitute a full lifecycle-channel total.
LC-EFF-0268,sharma2023medalpp,engineering_setup_time,NR,NR,NR,not_reported,none located,PDF p.7 Figs. 5–6 and Table 6,No complete quantitative value for this lifecycle channel was located; NR is not zero.
LC-EFF-0269,sharma2023medalpp,safety_exposure,NR,NR,NR,not_reported,none located,PDF p.7 Figs. 5–6 and Table 6,No complete quantitative value for this lifecycle channel was located; NR is not zero.
LC-EFF-0270,sharma2023medalpp,wear_maintenance_downtime,NR,NR,NR,not_reported,none located,PDF p.7 Figs. 5–6 and Table 6,No complete quantitative value for this lifecycle channel was located; NR is not zero.
LC-EFF-0271,sharma2023medalpp,failed_development_runs,NR,NR,NR,not_reported,none located,PDF p.7 Figs. 5–6 and Table 6,No complete quantitative value for this lifecycle channel was located; NR is not zero.
LC-EFF-0272,sharma2023medalpp,prior_data_cost,demonstration set for both task directions,source-reported asset/count description,upstream asset boundary,source_reported_component,prior-data component; labor/collection total may remain NR,PDF p.7 Figs. 5–6 and Table 6,"An inherited asset is located, but its full robot/person/compute cost is not necessarily reported."
